Article,Radar Type,Data,ML/AI,Scenario,Target/Obstacle type,Accuracy Metrics,Accuracy [%],Latency [ms],Curvature,CPU Usage [%],Robustness,Costs,Description,Category,DAA Category,Clarity of the Proposed Method,Rigor of the Validation Method,Support for Conclusions,Justifications
AlGhayadh (2024),Conventional,None,Quantum Pattern Recognition,Static outdoor,Generic slow targets,"Accuracy até 99.25%, Execução até 28.54s",99.25,285400,None,None,High accuracy with SNR = 10 dB,Not addressed,High accuracy and computational efficiency in adverse environments,Quantum Recognition,Detection,Low Risk,Some Concerns,Low Risk,"The paper validates the proposed quantum pattern recognition algorithm on standard, non-UAV datasets (Adult, Wine, Car Evaluation). While this demonstrates the algorithm's classification capability, it does not provide a rigorous validation of the complete radar-based UAV detection system in a real-world or high-fidelity simulated environment"
Holbrook (2022),FMCW,Flight Controller Data; Position; Velocity; RCS,SVM,Outdoor with real UAVs,Fixed-wing sUAS; GA,Accuracy até 88.9%,88.9,None,None,None,High recall for GA and Multirotor,Reduction when using Flight Controller,Training with onboard data and testing with radar,Hybrid Tranning/Test,Resolution,Low Risk,Low Risk,Low Risk,-0
Jevtic (2023),Simulated,Range and direction,RL (QL),Multi-agent simulation,Generic,High,High,None,None,None,None,Not addressed,High success rate in simulated environments with multiple agents,DRL-based Policy,Resolution,Low Risk,Low Risk,Low Risk,-0
Lahsen-Cherif (2022),Simulated,Kinematics data,Embbeded DNN,Horizontal simulation,Generic,NMAC reduction by 0.13%,99.7,55000,1~4◦/s,96,Inherited fidelity from the ACAS-Xu,Jetson Nano,Compression and onboard execution with Edge AI (5GB to 10MB),Edge AI Compression,Resolution,Low Risk,Low Risk,Low Risk,-0
Parralejo (2023),mmWave,3D Velocity Volume,CNN + DBSCAN,Indoor with humans,Humans,"Accuracy 99.32%, Precision 99.65%",99.32,Small,NA,None,Operates in smoke/fog,Not addressed,Indoor system with high accuracy and privacy preservation,Radar Deep Learning,Detection,Low Risk,Low Risk,Low Risk,-0
Rubi (2021),Simulated,Relative distances,DRL (DDPG),Simulation with obstacles,Cylindrical objects,Success Rate 99%,99.0,None,None,None,High in dynamic environments,Not addressed,DRL for reactive navigation in complex environments,DRL-based Policy,Resolution,Low Risk,Low Risk,Low Risk,-0
Safa (2023),FMCW,Range-Doppler and Range Azimuth,VAE,Indoor with obstacles,Static Objects,"RMSE: 0.75m (distância), 0.11 rad (ângulo)",NA,None,None,None,Generalizes across scenarios,Not addressed,Unsupervised learning for indoor navigation with onboard radar,Radar Deep Learning,Sensing,Low Risk,Low Risk,Low Risk,-0
Tian (2024),Pulse Doppler,Range-Doppler,FCN,Urban with interference,DJI Phantom 3 drone,"Pd até 100%, Tempo: 0.038s",80,38,NA,None,None,Reduction of FLOPs,Fast and accurate detection with a low false positive rate,Radar Deep Learning,Detection,Low Risk,Low Risk,Low Risk,-0
Zhang (2025),mmWave,Unreported,DRL + GAN-VAE,Urban and mountainous,Humans; Zones; Rocks,"Success até 92%, Latência <100ms",92,50,0.08 ◦/s,None,SNR improved by 37%,Reduction of 15–30%,DRL with adaptive filtering and multi-UAV coordination,DRL-based Policy,Resolution,Low Risk,Low Risk,Low Risk,-0
